workload,variant,structure,n,time_ms,steps,moves,comparisons
W1,-,DynamicArray,100,0,736200,50000,0,0
W1,-,MyLinkedList,100,1,252200,2536590,0,0
W2,-,DynamicArray,100,0,449500,0,0,0
W2,-,MyLinkedList,100,0,579900,376250,0,376250
W3,head,DynamicArray,100,7,160600,0,0,0
W3,head,MyLinkedList,100,0,430600,1000,3000,0
W3,middle,DynamicArray,100,0,348900,0,0,0
W3,middle,MyLinkedList,100,3,682300,598500,3000,0
W4,-,MinHeap,100,0,173800,1268,1368,1035
W1,-,DynamicArray,1000,0,251700,50000,0,0
W1,-,MyLinkedList,1000,10,840500,25056390,0,0
W2,-,DynamicArray,1000,0,284500,0,0,0
W2,-,MyLinkedList,1000,1,838000,3126250,0,3126250
W3,head,DynamicArray,1000,0,393200,0,0,0
W3,head,MyLinkedList,1000,0,117500,1000,3000,0
W3,middle,DynamicArray,1000,0,253000,0,0,0
W3,middle,MyLinkedList,1000,3,378400,1498500,3000,0
W4,-,MinHeap,1000,0,727000,19464,20464,17226
W1,-,DynamicArray,10000,0,163800,50000,0,0
W1,-,MyLinkedList,10000,115,164500,249214390,0,0
W2,-,DynamicArray,10000,1,443400,0,0,0
W2,-,MyLinkedList,10000,14,800100,25626250,0,25626250
W3,head,DynamicArray,10000,1,145800,0,0,0
W3,head,MyLinkedList,10000,0,072100,1000,3000,0
W3,middle,DynamicArray,10000,0,648200,0,0,0
W3,middle,MyLinkedList,10000,18,639700,10498500,3000,0
W4,-,MinHeap,10000,2,005300,259326,269326,239329
W1,-,DynamicArray,100000,0,194500,50000,0,0
W1,-,MyLinkedList,100000,1130,586000,2495402572,0,0
W2,-,DynamicArray,100000,9,376800,0,0,0
W2,-,MyLinkedList,100000,93,517400,250626250,0,250626250
W3,head,DynamicArray,100000,15,221000,0,0,0
W3,head,MyLinkedList,100000,0,014100,1000,3000,0
W3,middle,DynamicArray,100000,16,724100,0,0,0
W3,middle,MyLinkedList,100000,307,442500,100498500,3000,0
W4,-,MinHeap,100000,37,065600,3320190,3420190,3059125
